Country,Score,Region,GDP per capita,Freedom to make life choices,Healthy life expectancy,2019 Score,Tax Burden,Business Freedom,Financial Freedom,Unemployment (%),HDI,IHDI,Loss%
Finland,7.769,Europe,1.34,0.596,0.986,74.9,66.8,89.4,80.0,8.6,0.938,0.888,5.3
Denmark,7.6,Europe,1.383,0.592,0.996,76.7,42.0,90.7,80.0,5.7,0.94,0.883,6.1
Norway,7.554,Europe,1.488,0.603,1.028,73.0,57.4,89.4,60.0,4.2,0.957,0.899,6.1
Iceland,7.494,Europe,1.38,0.591,1.026,77.1,72.7,88.4,70.0,2.8,0.949,0.894,5.8
Netherlands,7.488,Europe,1.396,0.557,0.999,76.8,51.6,81.4,80.0,4.8,0.944,0.878,7.0
Switzerland,7.48,Europe,1.452,0.572,1.052,81.9,70.5,75.4,90.0,4.8,0.955,0.889,6.9
Sweden,7.343,Europe,1.387,0.574,1.009,75.2,43.2,88.0,80.0,6.7,0.945,0.882,6.7
New Zealand,7.307,Asia-Pacific,1.303,0.585,1.026,84.4,71.0,91.0,80.0,4.9,0.931,0.859,7.7
Canada,7.278,Americas,1.365,0.584,1.039,77.7,76.8,81.9,80.0,6.3,0.929,0.848,8.7
Austria,7.246,Europe,1.376,0.532,1.016,72.0,50.5,74.9,70.0,5.5,0.922,0.857,7.0
Australia,7.228,Asia-Pacific,1.372,0.557,1.036,80.9,62.8,88.3,90.0,5.6,0.944,0.867,8.2
Costa Rica,7.167,Americas,1.034,0.558,0.963,65.3,79.2,67.2,50.0,8.1,0.81,0.661,18.4
Israel,7.139,Middle East and North Africa,1.276,0.371,1.029,72.8,61.9,71.4,70.0,4.3,0.919,0.814,11.4
Luxembourg,7.09,Europe,1.609,0.526,1.012,75.9,65.4,68.8,80.0,5.5,0.916,0.826,9.8
United Kingdom,7.054,Europe,1.333,0.45,0.996,78.9,64.7,92.9,80.0,4.3,0.932,0.856,8.2
Ireland,7.021,Europe,1.499,0.516,0.999,80.5,76.3,83.1,70.0,6.4,0.955,0.885,7.3
Germany,6.985,Europe,1.373,0.495,0.987,73.5,60.8,83.3,70.0,3.8,0.947,0.869,8.2
Belgium,6.923,Europe,1.356,0.473,0.986,67.3,47.1,78.1,70.0,7.4,0.931,0.859,7.7
United States,6.892,Americas,1.433,0.454,0.874,76.8,75.1,83.8,80.0,4.4,0.926,0.808,12.7
Czech Republic,6.852,Europe,1.269,0.457,0.92,73.7,82.6,72.4,80.0,2.9,0.9,0.86,4.4
Malta,6.726,Europe,1.3,0.564,0.999,68.6,64.2,67.1,60.0,4.0,0.895,0.823,8.0
Mexico,6.595,Americas,1.07,0.433,0.861,64.7,75.8,67.8,60.0,3.4,0.779,0.613,21.3
France,6.592,Europe,1.324,0.436,1.045,63.8,48.4,81.2,70.0,9.4,0.901,0.82,9.0
Chile,6.444,Americas,1.159,0.357,0.92,75.4,77.3,76.6,70.0,7.0,0.851,0.709,16.7
Guatemala,6.436,Americas,0.8,0.535,0.746,62.6,79.2,53.6,50.0,2.7,0.663,0.481,27.5
Spain,6.354,Europe,1.286,0.362,1.062,65.7,62.3,66.8,70.0,17.2,0.904,0.783,13.4
Panama,6.321,Americas,1.149,0.516,0.91,67.2,85.0,73.6,70.0,4.5,0.815,0.643,21.1
Brazil,6.3,Americas,1.004,0.39,0.802,51.9,70.5,57.9,50.0,13.3,0.765,0.57,25.5
Uruguay,6.293,Americas,1.124,0.523,0.891,68.6,77.2,74.3,30.0,7.9,0.817,0.712,12.7
Singapore,6.262,Asia-Pacific,1.572,0.556,1.141,89.4,90.4,90.8,80.0,2.0,0.938,0.813,13.3
El Salvador,6.253,Americas,0.794,0.43,0.789,61.8,78.1,57.2,60.0,4.5,0.673,0.529,21.4
Italy,6.223,Europe,1.294,0.231,1.039,62.2,55.6,71.7,50.0,11.2,0.892,0.783,12.2
Poland,6.182,Europe,1.206,0.483,0.884,67.8,74.9,65.4,70.0,4.9,0.88,0.813,7.6
Lithuania,6.149,Europe,1.238,0.291,0.818,74.2,86.4,75.2,70.0,7.1,0.882,0.791,10.3
Colombia,6.125,Americas,0.985,0.47,0.841,67.3,74.3,71.4,70.0,8.9,0.767,0.595,23.1
Slovenia,6.118,Europe,1.258,0.564,0.953,65.5,58.4,79.3,50.0,6.6,0.917,0.875,4.6
Nicaragua,6.105,Americas,0.694,0.435,0.835,57.7,76.9,56.0,50.0,4.4,0.66,0.505,23.5
Argentina,6.086,Americas,1.092,0.471,0.881,52.2,69.3,56.4,60.0,8.7,0.845,0.729,13.7
Romania,6.07,Europe,1.162,0.462,0.825,68.6,89.7,63.1,50.0,4.9,0.828,0.73,11.8
Cyprus,6.046,Europe,1.263,0.406,1.042,68.1,74.9,76.9,60.0,11.0,0.887,0.805,9.2
Ecuador,6.028,Americas,0.912,0.498,0.868,46.9,77.0,54.1,40.0,3.8,0.759,0.616,18.8
Thailand,6.008,Asia-Pacific,1.05,0.557,0.828,68.3,81.3,82.5,60.0,1.1,0.777,0.646,16.9
Latvia,5.94,Europe,1.187,0.264,0.812,70.4,77.0,77.5,60.0,8.7,0.866,0.783,9.6
Estonia,5.893,Europe,1.237,0.495,0.874,76.6,79.9,75.3,70.0,5.8,0.882,0.829,7.1
Jamaica,5.89,Americas,0.831,0.49,0.831,68.6,80.2,78.0,50.0,12.5,0.734,0.612,16.6
Mauritius,5.888,Sub-Saharan Africa,1.12,0.498,0.798,73.0,92.1,79.8,70.0,7.1,0.804,0.694,13.7
Japan,5.886,Asia-Pacific,1.327,0.445,1.088,72.1,68.2,80.5,60.0,2.8,0.919,0.843,8.3
Honduras,5.86,Americas,0.642,0.507,0.828,60.2,82.8,56.9,60.0,4.5,0.634,0.472,25.6
Kazakhstan,5.809,Asia-Pacific,1.173,0.41,0.729,65.4,93.4,73.9,50.0,4.9,0.825,0.766,7.2
Bolivia,5.779,Americas,0.776,0.511,0.706,42.3,82.4,58.8,40.0,3.1,0.718,0.546,24.0
Hungary,5.758,Europe,1.201,0.199,0.828,65.0,78.6,61.1,70.0,4.2,0.854,0.791,7.4
Paraguay,5.743,Americas,0.855,0.514,0.777,61.8,96.3,61.5,60.0,4.6,0.728,0.557,23.5
Peru,5.697,Americas,0.96,0.455,0.854,67.8,80.6,67.8,60.0,3.6,0.777,0.628,19.2
Portugal,5.693,Europe,1.221,0.508,0.999,65.3,59.9,79.7,60.0,8.9,0.85,0.761,12.7
Pakistan,5.653,Asia-Pacific,0.677,0.313,0.535,55.0,80.5,56.1,40.0,4.0,0.55,0.384,31.1
Russia,5.648,Europe,1.183,0.334,0.726,58.9,89.4,78.4,30.0,5.2,0.824,0.74,10.2
Philippines,5.631,Asia-Pacific,0.807,0.558,0.657,63.8,76.9,61.3,60.0,2.4,0.718,0.587,18.2
Serbia,5.603,Europe,1.004,0.282,0.854,63.9,82.0,72.9,50.0,14.1,0.806,0.705,12.5
Moldova,5.529,Europe,0.685,0.245,0.739,59.1,85.4,67.0,50.0,4.5,0.75,0.672,10.4
Montenegro,5.523,Europe,1.051,0.197,0.871,60.5,85.3,73.3,50.0,16.1,0.829,0.749,9.7
Tajikistan,5.467,Asia-Pacific,0.493,0.389,0.718,55.6,91.8,67.3,30.0,10.3,0.668,0.584,12.6
Croatia,5.432,Europe,1.155,0.296,0.914,61.4,66.4,60.7,60.0,11.2,0.851,0.783,8.0
Dominican Republic,5.425,Americas,1.015,0.497,0.779,61.0,84.6,51.9,40.0,5.5,0.756,0.595,21.3
Bosnia and Herzegovina,5.386,Europe,0.945,0.212,0.845,61.9,84.3,49.7,60.0,25.6,0.78,0.667,14.5
Turkey,5.373,Europe,1.183,0.195,0.808,64.6,76.4,66.0,60.0,11.3,0.82,0.683,16.7
Belarus,5.323,Europe,1.067,0.235,0.789,57.9,89.4,75.0,10.0,0.5,0.823,0.771,6.3
Greece,5.287,Europe,1.181,0.067,0.999,57.7,59.1,74.1,50.0,21.5,0.888,0.791,10.9
Mongolia,5.285,Asia-Pacific,0.948,0.317,0.667,55.4,88.5,66.0,60.0,7.0,0.737,0.634,14.0
Nigeria,5.265,Sub-Saharan Africa,0.696,0.426,0.245,57.3,85.0,51.2,40.0,7.0,0.539,0.348,35.4
Turkmenistan,5.247,Asia-Pacific,1.052,0.394,0.657,48.4,95.9,30.0,10.0,3.4,0.715,0.586,18.0
Algeria,5.211,Middle East and North Africa,1.002,0.086,0.785,46.2,76.4,61.6,30.0,10.0,0.748,0.596,20.3
Azerbaijan,5.208,Asia-Pacific,1.043,0.351,0.769,65.4,87.5,69.5,60.0,5.0,0.756,0.684,9.5
Indonesia,5.192,Asia-Pacific,0.931,0.491,0.66,65.8,83.7,69.3,60.0,4.2,0.718,0.59,17.8
China,5.191,Asia-Pacific,1.029,0.521,0.893,58.4,70.4,56.2,20.0,4.7,0.761,0.639,16.0
Vietnam,5.175,Asia-Pacific,0.741,0.543,0.851,55.3,79.7,63.5,40.0,2.1,0.704,0.588,16.5
Bhutan,5.082,Asia-Pacific,0.813,0.457,0.604,62.9,83.0,68.7,30.0,2.4,0.654,0.476,27.2
Cameroon,5.044,Sub-Saharan Africa,0.549,0.381,0.331,52.4,74.4,44.4,50.0,4.2,0.563,0.375,34.1
Bulgaria,5.011,Europe,1.092,0.311,0.815,69.0,90.2,62.7,60.0,6.2,0.816,0.721,11.6
Ghana,4.996,Sub-Saharan Africa,0.611,0.381,0.486,57.5,78.8,56.5,60.0,2.4,0.611,0.44,28.0
Nepal,4.913,Asia-Pacific,0.446,0.439,0.677,53.8,84.0,61.8,30.0,2.7,0.602,0.446,25.9
Jordan,4.906,Middle East and North Africa,0.837,0.383,0.815,66.5,91.4,61.8,60.0,14.9,0.729,0.622,14.7
Benin,4.883,Sub-Saharan Africa,0.393,0.349,0.397,55.3,69.3,62.4,50.0,2.5,0.52,0.343,37.1
Gabon,4.799,Sub-Saharan Africa,1.057,0.295,0.571,56.3,75.8,52.1,40.0,19.7,0.703,0.544,22.6
South Africa,4.722,Sub-Saharan Africa,0.96,0.389,0.469,58.3,62.1,64.3,50.0,27.3,0.709,0.468,34.0
Albania,4.719,Europe,0.947,0.383,0.874,66.5,86.3,69.3,70.0,13.9,0.795,0.708,10.9
Venezuela,4.707,Americas,0.96,0.154,0.805,25.9,74.7,33.9,10.0,7.7,0.711,0.588,17.3
Cambodia,4.7,Asia-Pacific,0.574,0.609,0.637,57.8,89.7,29.9,50.0,0.2,0.594,0.475,20.0
Senegal,4.681,Sub-Saharan Africa,0.45,0.292,0.571,56.3,70.8,53.3,40.0,4.9,0.512,0.348,32.0
Namibia,4.639,Sub-Saharan Africa,0.879,0.401,0.477,58.7,66.5,65.8,40.0,23.3,0.646,0.418,35.3
Niger,4.628,Sub-Saharan Africa,0.138,0.318,0.366,51.6,76.9,56.3,40.0,0.4,0.394,0.284,27.9
Burkina Faso,4.587,Sub-Saharan Africa,0.331,0.255,0.38,59.4,81.9,51.6,40.0,6.3,0.452,0.316,30.1
Armenia,4.559,Europe,0.85,0.283,0.815,67.7,84.7,78.3,70.0,18.2,0.776,0.699,9.9
Iran,4.548,Middle East and North Africa,1.1,0.305,0.785,51.1,80.9,62.2,10.0,12.5,0.783,0.693,11.5
Guinea,4.534,Sub-Saharan Africa,0.38,0.332,0.375,55.7,69.4,54.6,40.0,4.5,0.477,0.313,34.4
Georgia,4.519,Europe,0.886,0.346,0.752,75.9,87.1,85.8,70.0,11.6,0.812,0.716,11.8
Gambia,4.516,Sub-Saharan Africa,0.308,0.382,0.428,52.4,74.3,54.0,50.0,9.5,0.496,0.335,33.5
Kenya,4.509,Sub-Saharan Africa,0.512,0.431,0.581,55.1,79.5,55.8,50.0,11.5,0.601,0.443,26.3
Mauritania,4.49,Sub-Saharan Africa,0.57,0.066,0.489,55.7,78.0,61.9,40.0,9.9,0.546,0.371,32.1
Mozambique,4.466,Sub-Saharan Africa,0.204,0.494,0.39,48.6,75.5,57.1,50.0,25.0,0.456,0.316,30.7
Tunisia,4.461,Middle East and North Africa,0.921,0.167,0.815,55.4,74.4,76.7,30.0,15.4,0.74,0.596,19.5
Bangladesh,4.456,Asia-Pacific,0.562,0.527,0.723,55.6,72.7,50.9,30.0,4.4,0.632,0.478,24.4
Mali,4.39,Sub-Saharan Africa,0.385,0.327,0.308,58.1,68.7,53.8,40.0,7.9,0.434,0.289,33.4
Sierra Leone,4.374,Sub-Saharan Africa,0.268,0.309,0.242,47.5,87.3,44.9,20.0,4.5,0.452,0.291,35.6
Sri Lanka,4.366,Asia-Pacific,0.949,0.47,0.831,56.4,84.9,75.1,40.0,4.1,0.782,0.673,13.9
Chad,4.35,Sub-Saharan Africa,0.35,0.174,0.192,49.9,46.1,28.1,40.0,5.9,0.398,0.248,37.7
Ukraine,4.332,Europe,0.82,0.178,0.739,52.3,81.8,66.1,30.0,9.5,0.779,0.728,6.4
Ethiopia,4.286,Sub-Saharan Africa,0.336,0.344,0.532,53.6,77.2,48.6,20.0,5.2,0.485,0.348,28.2
Uganda,4.189,Sub-Saharan Africa,0.332,0.356,0.443,59.7,73.3,46.3,40.0,2.1,0.544,0.399,26.7
Egypt,4.166,Middle East and North Africa,0.913,0.241,0.644,52.5,85.2,65.9,50.0,12.1,0.707,0.497,29.7
Zambia,4.107,Sub-Saharan Africa,0.578,0.431,0.426,53.6,72.3,71.1,50.0,7.8,0.584,0.401,31.3
Togo,4.085,Sub-Saharan Africa,0.275,0.293,0.41,50.3,67.8,50.4,30.0,1.8,0.515,0.351,31.8
India,4.015,Asia-Pacific,0.755,0.498,0.588,55.2,79.4,57.1,40.0,3.5,0.645,0.475,26.4
Liberia,3.975,Sub-Saharan Africa,0.073,0.37,0.443,49.7,82.7,50.6,20.0,2.4,0.48,0.325,32.3
Comoros,3.973,Sub-Saharan Africa,0.274,0.142,0.505,55.4,63.9,57.2,30.0,4.3,0.554,0.303,45.3
Madagascar,3.933,Sub-Saharan Africa,0.274,0.148,0.555,56.6,91.0,47.3,50.0,1.8,0.528,0.39,26.1
Lesotho,3.802,Sub-Saharan Africa,0.489,0.359,0.168,53.1,59.4,53.3,40.0,27.3,0.527,0.382,27.5
Burundi,3.775,Sub-Saharan Africa,0.046,0.22,0.38,48.9,74.0,50.3,30.0,1.6,0.433,0.303,30.0
Zimbabwe,3.663,Sub-Saharan Africa,0.366,0.361,0.433,40.4,62.3,33.4,10.0,5.0,0.571,0.441,22.8
Haiti,3.597,Americas,0.323,0.026,0.449,52.7,79.9,36.2,30.0,14.0,0.51,0.303,40.6
Malawi,3.41,Sub-Saharan Africa,0.191,0.443,0.495,51.4,79.8,41.7,50.0,5.9,0.483,0.345,28.6
Rwanda,3.334,Sub-Saharan Africa,0.359,0.555,0.614,71.1,79.8,56.2,40.0,1.3,0.543,0.387,28.7
Tanzania,3.231,Sub-Saharan Africa,0.476,0.417,0.499,60.2,80.5,46.6,50.0,2.2,0.528,0.397,25.0
Central African Republic,3.083,Sub-Saharan Africa,0.026,0.225,0.105,49.1,65.2,24.2,30.0,6.0,0.397,0.232,41.6
